grid_id,date,temperature,humidity,precipitation,wind,day_of_week,month,is_weekend,is_holiday,lag_1,lag_3,lag_7,rolling_sum_7,rolling_sum_14,grid_id_enc,rf_prob,rf_pred,temperature_shap,humidity_shap,precipitation_shap,wind_shap,day_of_week_shap,month_shap,is_weekend_shap,is_holiday_shap,lag_1_shap,lag_3_shap,lag_7_shap,rolling_sum_7_shap,rolling_sum_14_shap,grid_id_enc_shap,top_driver_1,top_driver_2,top_driver_3,top_driver_1_shap,top_driver_2_shap,top_driver_3_shap,explanation_text
r20_c14,2024-10-22,17.0,65.0,0.0,12.3,1,10,0,0,0.0,1.0,0.0,3.0,5.0,172,0.6403373958430434,1,-0.005650913213431576,-0.028396054558959313,0.022556836922578323,-0.0295446540756473,-0.010939855351777928,-0.0375262259862751,0.0013918345621075946,-0.001688544175951444,-0.0002045717587991395,-0.021975092535098655,-0.0008433942395676355,0.11827294599043056,0.16121436161508987,-0.026127620301275117,rolling_sum_14,rolling_sum_7,month,0.16121436161508987,0.11827294599043056,-0.0375262259862751,"Risk is elevated mainly because recent 14-period activity (increases risk), recent 7-period activity (increases risk), and month (decreases risk)."
r17_c14,2024-10-19,13.5,59.0,0.0,16.5,5,10,1,0,1.0,0.0,1.0,4.0,5.0,118,0.6136323653177299,1,0.0007765009148275433,-0.013622032024526783,0.019568143365477072,-0.024601111827419316,-0.023587882427092356,-0.03888435958851117,-0.018191510711766348,-0.0006735974857621886,-0.014839440383917662,-0.001574728576293304,-0.010040819129028013,0.10279877905317375,0.13500011275654616,0.0017059684324028622,rolling_sum_14,rolling_sum_7,month,0.13500011275654616,0.10279877905317375,-0.03888435958851117,"Risk is elevated mainly because recent 14-period activity (increases risk), recent 7-period activity (increases risk), and month (decreases risk)."
r17_c14,2024-10-20,14.7,58.0,0.0,11.3,6,10,1,0,0.0,0.0,1.0,3.0,5.0,118,0.5990757492527862,1,0.0022353948824225325,-0.007035384996846093,0.022083504520522462,-0.03128994314805988,-0.04870597923333372,-0.04491971935138336,-0.013263058695673692,-0.0005961822137275899,-0.0014377058254768063,-0.0006704255310078323,-0.017560638600972494,0.11433746250549574,0.12973536448494594,-0.003635282493739506,rolling_sum_14,rolling_sum_7,day_of_week,0.12973536448494594,0.11433746250549574,-0.04870597923333372,"Risk is elevated mainly because recent 14-period activity (increases risk), recent 7-period activity (increases risk), and day of week (decreases risk)."
r10_c12,2024-10-19,13.5,59.0,0.0,16.5,5,10,1,0,0.0,0.0,0.0,0.0,1.0,8,0.5968831270457813,1,0.004944548697786709,0.005118690259505532,0.023721474735537713,-0.01078140870814867,0.0005813484636877313,0.019934239527724305,-0.008727189987050101,-0.0014086378549150534,0.000992530316812929,0.0005684315195607065,0.00029883257925115606,0.00041011637285256867,0.11146659604223327,-0.05003478786867967,rolling_sum_14,grid_id_enc,precipitation,0.11146659604223327,-0.05003478786867967,0.023721474735537713,"Risk is elevated mainly because recent 14-period activity (increases risk), location history (decreases risk), and precipitation (increases risk)."
r1_c12,2024-11-08,20.3,88.0,0.2,9.8,4,11,0,0,0.0,0.0,0.0,0.0,0.0,164,0.5936571595247004,1,-0.026708481838762496,-0.0026958196412223416,0.008786508587556576,0.02720396457804618,0.019357769425482823,0.04089304547349004,0.011389335743994172,-0.0003338203394792608,-0.0002439964677744463,0.00011133142888397172,-9.214035576562647e-05,-0.0027926537374267113,-0.00022873229057346112,0.019212506008629372,month,wind,temperature,0.04089304547349004,0.02720396457804618,-0.026708481838762496,"Risk is elevated mainly because month (increases risk), wind (increases risk), and temperature (decreases risk)."
r19_c6,2024-11-08,20.3,88.0,0.2,9.8,4,11,0,0,0.0,0.0,0.0,0.0,0.0,158,0.5872332393872568,1,-0.024582413597500467,-0.007353029089646205,0.007497888749974054,0.026518816011267154,0.018243406687085822,0.039309183972139485,0.010373188960597081,-4.335260435041222e-05,-0.0002418273400062332,0.00013166691616737591,-9.170697522244932e-05,-0.002421402041357006,-0.0004799924654974466,0.020574469253984717,month,wind,temperature,0.039309183972139485,0.026518816011267154,-0.024582413597500467,"Risk is elevated mainly because month (increases risk), wind (increases risk), and temperature (decreases risk)."
r20_c14,2024-10-21,16.0,60.0,0.0,11.6,0,10,0,0,1.0,0.0,0.0,3.0,5.0,172,0.585008191858527,1,-0.004364897188391946,-0.028994921591037687,0.013180038197293732,-0.031255150256677834,-0.03947848907479006,-0.018651899726700658,-0.0002217496851055382,-0.002331555727984959,-0.030944750124093513,-0.0013057353508736074,-0.0012536562001902634,0.1222951466751146,0.1448198042413004,-0.0362823352789557,rolling_sum_14,rolling_sum_7,day_of_week,0.1448198042413004,0.1222951466751146,-0.03947848907479006,"Risk is elevated mainly because recent 14-period activity (increases risk), recent 7-period activity (increases risk), and day of week (decreases risk)."
r10_c13,2024-10-19,13.5,59.0,0.0,16.5,5,10,1,0,0.0,0.0,0.0,0.0,1.0,9,0.5849945826651034,1,0.0055677283282834795,0.006815913217758761,0.02425142386008594,-0.011931668251476273,0.0005368119032092934,0.021667541787322463,-0.007745840284087384,-0.0014507831302686077,0.0009616095681591421,0.0005922349702086431,0.0002929097893307189,-0.000587221058356826,0.10595306597867131,-0.05972748696335935,rolling_sum_14,grid_id_enc,precipitation,0.10595306597867131,-0.05972748696335935,0.02425142386008594,"Risk is elevated mainly because recent 14-period activity (increases risk), location history (decreases risk), and precipitation (increases risk)."
r19_c9,2024-11-08,20.3,88.0,0.2,9.8,4,11,0,0,0.0,0.0,0.0,0.0,0.0,161,0.5774667413275824,1,-0.026686550379422656,-0.008770501494676987,0.008162660213409207,0.020723186919092206,0.014930248275345632,0.039614129438709254,0.01070237208135491,-0.00036062439723294877,-0.00023910292722413286,0.00011990942573413877,-9.127415243977111e-05,-0.0026818852581188914,-0.00045082736214031464,0.022696657995571357,month,temperature,grid_id_enc,0.039614129438709254,-0.026686550379422656,0.022696657995571357,"Risk is elevated mainly because month (increases risk), temperature (decreases risk), and location history (increases risk)."
r1_c11,2024-11-08,20.3,88.0,0.2,9.8,4,11,0,0,0.0,0.0,0.0,0.0,0.0,163,0.575132716618641,1,-0.02705198921693045,-0.006122296286335898,0.008957940023264095,0.024627465469388418,0.01774243246704087,0.03680612647759271,0.010575303780759744,-0.00045603177004396167,-0.0002414142642603076,0.00011323762632661517,-9.19656905937082e-05,-0.0027927689575420523,-0.0008606567425865593,0.01412899075293958,month,temperature,wind,0.03680612647759271,-0.02705198921693045,0.024627465469388418,"Risk is elevated mainly because month (increases risk), temperature (decreases risk), and wind (increases risk)."
r1_c10,2024-11-08,20.3,88.0,0.2,9.8,4,11,0,0,0.0,0.0,0.0,0.0,0.0,162,0.5750173386082884,1,-0.026956613879796462,-0.008995262121683454,0.00758859489166007,0.022878324765169076,0.01662000123942681,0.03813046162393274,0.010648286062997326,-0.0004661524606817905,-0.0002386789172870768,0.00011571112395686596,-9.083215326952338e-05,-0.0026801864438822137,-0.0007661332623885579,0.019431475190512762,month,temperature,wind,0.03813046162393274,-0.026956613879796462,0.022878324765169076,"Risk is elevated mainly because month (increases risk), temperature (decreases risk), and wind (increases risk)."
r19_c7,2024-11-08,20.3,88.0,0.2,9.8,4,11,0,0,0.0,0.0,0.0,0.0,0.0,159,0.5746330985677024,1,-0.02492804432915303,-0.008042513154029134,0.007174799846795334,0.022950720669043446,0.017568826099881224,0.03361250445672311,0.01059455037276665,-0.0003681229190736266,-0.00023681430987507963,0.00012075334943803966,-9.124709405407775e-05,-0.002716129136251483,-0.0005768160194822233,0.019772287785351367,month,temperature,wind,0.03361250445672311,-0.02492804432915303,0.022950720669043446,"Risk is elevated mainly because month (increases risk), temperature (decreases risk), and wind (increases risk)."
r26_c16,2024-10-19,13.5,59.0,0.0,16.5,5,10,1,0,0.0,0.0,0.0,0.0,1.0,252,0.5705970851505274,1,0.01734802448224369,0.010151639693228104,0.022866266830186336,-0.02337395904611556,-0.008143682136520596,-0.011475172641614685,-0.01742966818032338,-0.0008542438264667997,0.0007664143667029368,0.0003660310855986711,0.0005873953770393454,0.0007995795014648498,0.13184409873070746,-0.052653982035224166,rolling_sum_14,grid_id_enc,wind,0.13184409873070746,-0.052653982035224166,-0.02337395904611556,"Risk is elevated mainly because recent 14-period activity (increases risk), location history (decreases risk), and wind (decreases risk)."
r19_c13,2024-10-31,19.9,73.0,0.0,17.7,3,10,0,0,0.0,0.0,0.0,3.0,5.0,149,0.5683242118391701,1,-0.056959517649525095,-0.05654664212088354,0.01480703289721497,-0.025410109625434784,-0.01716691679997571,-0.07900945026935385,0.0018776367999725123,-0.0007738632661075306,-0.0013223822439943091,-0.0007680086322653108,-0.0006953049320200572,0.13604080757752912,0.1552609516908651,-0.0008083645364717038,rolling_sum_14,rolling_sum_7,month,0.1552609516908651,0.13604080757752912,-0.07900945026935385,"Risk is elevated mainly because recent 14-period activity (increases risk), recent 7-period activity (increases risk), and month (decreases risk)."
r1_c7,2024-11-08,20.3,88.0,0.2,9.8,4,11,0,0,0.0,0.0,0.0,0.0,0.0,165,0.5655802962490785,1,-0.02634760685543487,-0.006147890552891894,0.006306413810728372,0.022649297871826336,0.01885974985620361,0.03442282186985356,0.010802843215163898,-0.0003578242061766256,-0.00024432095459830385,0.00010995453849876816,-0.00010527819999144398,-0.0028133476780204925,-0.0013916960961537857,0.010038836680449779,month,temperature,wind,0.03442282186985356,-0.02634760685543487,0.022649297871826336,"Risk is elevated mainly because month (increases risk), temperature (decreases risk), and wind (increases risk)."
r17_c14,2024-10-21,16.0,60.0,0.0,11.6,0,10,0,0,0.0,1.0,0.0,2.0,5.0,118,0.564785848567772,1,-0.013392217632775242,-0.025582260965094448,0.01275136419643242,-0.03195747694225843,-0.029975658429752035,-0.023580336655984767,0.0013853962854213076,-0.0007316110653853834,0.0002459003321035646,-0.02518793205175194,0.0004516820796340208,0.07325445100469194,0.12362165329114487,0.0036845521717263573,rolling_sum_14,rolling_sum_7,wind,0.12362165329114487,0.07325445100469194,-0.03195747694225843,"Risk is elevated mainly because recent 14-period activity (increases risk), recent 7-period activity (increases risk), and wind (decreases risk)."
r17_c14,2024-10-22,17.0,65.0,0.0,12.3,1,10,0,0,0.0,0.0,1.0,2.0,5.0,118,0.5600331469405585,1,-0.007716587570522035,-0.025963694549222725,0.014608089183459388,-0.039397031583750616,-0.015774677707886403,-0.04056533524483775,0.001068188133587497,-0.0007964401880364968,-0.002301757208649324,0.0004985201050362026,-0.02478688789588015,0.0763963943959024,0.1135209193559998,0.011445104765738238,rolling_sum_14,rolling_sum_7,month,0.1135209193559998,0.0763963943959024,-0.04056533524483775,"Risk is elevated mainly because recent 14-period activity (increases risk), recent 7-period activity (increases risk), and month (decreases risk)."
r25_c15,2024-10-29,16.4,75.0,0.0,16.7,1,10,0,0,0.0,1.0,0.0,3.0,4.0,237,0.5593985711321636,1,-0.009942307513731586,-0.06608866463684962,0.016047156354831595,-0.024792655681318557,-0.00832086506941165,-0.05618386780630445,0.0009867538090673797,-0.00036849194341134674,-0.0005227397044930653,-0.026423418075004684,-0.000991354575148764,0.1235465780754937,0.16363752099229303,-0.050983416043467185,rolling_sum_14,rolling_sum_7,humidity,0.16363752099229303,0.1235465780754937,-0.06608866463684962,"Risk is elevated mainly because recent 14-period activity (increases risk), recent 7-period activity (increases risk), and humidity (decreases risk)."
r1_c9,2024-11-08,20.3,88.0,0.2,9.8,4,11,0,0,0.0,0.0,0.0,0.0,0.0,167,0.5572409620561645,1,-0.027783865949831864,-0.006535448012425486,0.005582048536207681,0.021676481211774953,0.0178893601198631,0.03318094261506333,0.010192361611020018,-0.00038833026747176386,-0.00023838111053395647,0.00010962125547405131,-8.856264051521195e-05,-0.0029534194084892005,-0.0020710647685477576,0.008870875914953781,month,temperature,wind,0.03318094261506333,-0.027783865949831864,0.021676481211774953,"Risk is elevated mainly because month (increases risk), temperature (decreases risk), and wind (increases risk)."
r19_c13,2024-10-29,16.4,75.0,0.0,16.7,1,10,0,0,0.0,0.0,0.0,2.0,4.0,149,0.553502993139383,1,-0.012810240423948861,-0.058835299930714645,0.004561258943190453,-0.030875925890474498,-0.005337761182698399,-0.047436784360175156,0.002368611112254171,-0.0008624739336953067,-0.0005113414706186975,0.0011364941118706816,-0.0004731181217880526,0.07652297053971242,0.12766204326671943,-0.0014037824698724108,rolling_sum_14,rolling_sum_7,humidity,0.12766204326671943,0.07652297053971242,-0.058835299930714645,"Risk is elevated mainly because recent 14-period activity (increases risk), recent 7-period activity (increases risk), and humidity (decreases risk)."
r1_c8,2024-11-08,20.3,88.0,0.2,9.8,4,11,0,0,0.0,0.0,0.0,0.0,0.0,166,0.5504329536746969,1,-0.027651149051607492,-0.007471092435053894,0.005023889558179326,0.022588156215814597,0.017437947201681608,0.03078347583676181,0.010193738869770425,-0.0003620840962980208,-0.0002456595674937314,0.00011002614364325165,-0.00010514665699978362,-0.003000696328438835,-0.002191730649677969,0.0055249356847934155,month,temperature,wind,0.03078347583676181,-0.027651149051607492,0.022588156215814597,"Risk is elevated mainly because month (increases risk), temperature (decreases risk), and wind (increases risk)."
r18_c12,2024-10-22,17.0,65.0,0.0,12.3,1,10,0,0,0.0,0.0,0.0,2.0,2.0,134,0.546334250437368,1,-0.01161051224986584,-0.03281003770540676,0.01213914120554749,-0.04100477884027642,-0.015613641757009954,-0.04865054144186268,0.0012215460725294562,-0.0010739130570713291,-0.001018875594648163,0.0015347087511633603,-0.0017732833773447484,0.0816896340748909,0.1049534866828602,-0.0014470252757574843,rolling_sum_14,rolling_sum_7,month,0.1049534866828602,0.0816896340748909,-0.04865054144186268,"Risk is elevated mainly because recent 14-period activity (increases risk), recent 7-period activity (increases risk), and month (decreases risk)."
r17_c4,2024-12-06,-0.8,51.0,0.0,16.7,4,12,0,0,0.0,0.0,0.0,0.0,0.0,125,0.5373707737038587,1,0.0390082176212675,0.05536642568339663,0.01854391581828824,-0.019159091268065562,0.001711561664469126,-0.04598745868825712,0.002982833037099436,0.0021476258276855098,-2.6287090601057944e-05,-4.8386693001194306e-05,9.042995562348849e-05,-0.0029546049668479012,-0.008808223690671394,-0.0052945264561502225,humidity,month,temperature,0.05536642568339663,-0.04598745868825712,0.0390082176212675,"Risk is elevated mainly because humidity (increases risk), month (decreases risk), and temperature (increases risk)."
r17_c19,2024-10-25,18.4,60.0,0.0,10.9,4,10,0,0,0.0,0.0,0.0,0.0,0.0,122,0.5327213397289887,1,0.014897092134232503,0.0181959461080291,0.0246358248975155,-0.005252949279270775,0.0017626465131498552,-0.0011297062716492357,0.007001530424193964,0.0014113224208203317,-0.00038657459615751375,0.0002033256383577769,0.0001159889341055925,-0.002132438747247384,-0.008071518332467054,-0.01832749306424625,precipitation,grid_id_enc,humidity,0.0246358248975155,-0.01832749306424625,0.0181959461080291,"Risk is elevated mainly because precipitation (increases risk), location history (decreases risk), and humidity (increases risk)."
r20_c14,2024-10-24,19.3,60.0,0.0,13.6,3,10,0,0,0.0,0.0,0.0,2.0,5.0,172,0.5290660062581038,1,-0.048095931272032814,-0.02475817663121606,0.01546587967002085,-0.018662251026618587,-0.017835898428362525,-0.04069806737702326,0.0015906204059837068,-0.0017950989213187001,-0.00042050675710858396,-0.00016049002692532566,-0.0012017032484283672,0.08062331717623768,0.11954826324505455,-0.0343322934997811,rolling_sum_14,rolling_sum_7,temperature,0.11954826324505455,0.08062331717623768,-0.048095931272032814,"Risk is elevated mainly because recent 14-period activity (increases risk), recent 7-period activity (increases risk), and temperature (decreases risk)."
r17_c15,2024-11-04,15.9,69.0,0.1,22.1,0,11,0,0,0.0,0.0,1.0,2.0,2.0,119,0.5268882490649662,1,-0.001828594212421905,-0.040884223668192034,-0.02121280741631595,-0.03531565900881001,-0.024534405438409897,-0.057513605888937114,0.002616980976761024,-0.0011455590333603674,0.0010762605194287484,0.0011319184089910478,-0.002387040825933614,0.09185862619471948,0.1252014901730032,-0.009973474665176188,rolling_sum_14,rolling_sum_7,month,0.1252014901730032,0.09185862619471948,-0.057513605888937114,"Risk is elevated mainly because recent 14-period activity (increases risk), recent 7-period activity (increases risk), and month (decreases risk)."
r25_c15,2024-10-28,15.4,75.0,0.0,14.2,0,10,0,0,1.0,1.0,0.0,3.0,4.0,237,0.5242168022147029,1,-0.00886241373778152,-0.06667494026886411,0.011847082166547899,-0.027353975965126807,-0.029561253499988255,-0.052285047377965785,-0.0005291634122306482,-0.0007100275334532459,-0.009117565615484062,-0.01601927354587717,-0.0013432692099534173,0.1204195883496153,0.1612648569387024,-0.056656138023059764,rolling_sum_14,rolling_sum_7,humidity,0.1612648569387024,0.1204195883496153,-0.06667494026886411,"Risk is elevated mainly because recent 14-period activity (increases risk), recent 7-period activity (increases risk), and humidity (decreases risk)."
r25_c15,2024-10-31,19.9,73.0,0.0,17.7,3,10,0,0,0.0,0.0,0.0,3.0,4.0,237,0.523261083194621,1,-0.05487278791310808,-0.057074778116582174,0.012947207086197914,-0.02561018595776688,-0.015967322241491687,-0.08397339316290031,0.001493817940258913,-0.00040726412353152925,-0.0014127494885148482,-0.0006620242586378859,-0.001520695578432577,0.139168879109558,0.16527951727553214,-0.053925480325581254,rolling_sum_14,rolling_sum_7,month,0.16527951727553214,0.139168879109558,-0.08397339316290031,"Risk is elevated mainly because recent 14-period activity (increases risk), recent 7-period activity (increases risk), and month (decreases risk)."
r18_c4,2024-10-19,13.5,59.0,0.0,16.5,5,10,1,0,0.0,0.0,0.0,0.0,0.0,140,0.5200693912264799,1,0.04852034726191611,0.023925685916757946,0.02291653263204931,-0.01080380332237902,0.00939866365232868,-0.034188453428323405,-0.022255011202820075,0.0012048131445654062,-0.00027246886802777904,0.00011108124462151211,4.385724140427325e-05,-0.004111500428767035,-0.019032323453925498,0.004813627887456451,temperature,month,humidity,0.04852034726191611,-0.034188453428323405,0.023925685916757946,"Risk is elevated mainly because temperature (increases risk), month (decreases risk), and humidity (increases risk)."
r17_c3,2024-10-25,18.4,60.0,0.0,10.9,4,10,0,0,0.0,0.0,0.0,0.0,0.0,124,0.5127306488393537,1,0.012966803010692507,0.016077114671765026,0.023710765214306023,-0.0056591916960864455,0.0019176515651470021,-0.0069425167642187865,0.006228336132989627,0.001316471276194573,-0.0003937936618249716,0.00020195953870588384,8.923358857874744e-05,-0.002426754844636836,-0.008467391619309744,-0.025686380522571047,grid_id_enc,precipitation,humidity,-0.025686380522571047,0.023710765214306023,0.016077114671765026,"Risk is elevated mainly because location history (decreases risk), precipitation (increases risk), and humidity (increases risk)."
r17_c6,2024-12-06,-0.8,51.0,0.0,16.7,4,12,0,0,0.0,0.0,0.0,0.0,0.0,127,0.5109848000505928,1,0.03455864732170681,0.04977487422718255,0.018192189333444558,-0.01731764160205834,0.0019439629619411622,-0.056461558379158165,0.002755900108468304,0.0020583099411409502,-3.7999666081901555e-06,-5.243828448953259e-05,8.532296664870452e-05,-0.0031992965614122135,-0.0096313062911656,-0.011516708674670965,month,humidity,temperature,-0.056461558379158165,0.04977487422718255,0.03455864732170681,"Risk is elevated mainly because month (decreases risk), humidity (increases risk), and temperature (increases risk)."
r17_c5,2024-12-06,-0.8,51.0,0.0,16.7,4,12,0,0,0.0,0.0,0.0,0.0,0.0,126,0.5108944920634038,1,0.03584261518183978,0.0502949766327691,0.017850620256681216,-0.018628059842004743,0.003026828189139617,-0.05440039067745948,0.002513013470543086,0.0020012593124419447,-4.302708315579359e-05,-5.024684612506843e-05,8.492580191181252e-05,-0.0033934717877493756,-0.009809874539141242,-0.014193018955910115,month,humidity,temperature,-0.05440039067745948,0.0502949766327691,0.03584261518183978,"Risk is elevated mainly because month (decreases risk), humidity (increases risk), and temperature (increases risk)."
r17_c19,2024-12-06,-0.8,51.0,0.0,16.7,4,12,0,0,0.0,0.0,0.0,0.0,0.0,122,0.5045962734932079,1,0.03702849293407985,0.04265466877128598,0.018093782208705722,-0.017757346544474695,0.0025801937769011855,-0.050217439627446486,0.004304443383896411,0.0015970731786547217,-0.00010941260274251874,-5.311429747223786e-05,8.963424681833688e-05,-0.003323452085242198,-0.010385822927614956,-0.019703769871764174,month,humidity,temperature,-0.050217439627446486,0.04265466877128598,0.03702849293407985,"Risk is elevated mainly because month (decreases risk), humidity (increases risk), and temperature (increases risk)."
r17_c17,2024-12-06,-0.8,51.0,0.0,16.7,4,12,0,0,0.0,0.0,0.0,0.0,0.0,121,0.5044520243289383,1,0.03762662729809026,0.0417608488344081,0.018373571055077004,-0.019692664499788,0.003183132460078391,-0.05326573957138457,0.00440044703931827,0.0015908766016851966,-9.654068725912256e-05,-5.619529057245452e-05,9.135272465035693e-05,-0.003295387607447783,-0.010566276523026774,-0.015400370454513567,month,humidity,temperature,-0.05326573957138457,0.0417608488344081,0.03762662729809026,"Risk is elevated mainly because month (decreases risk), humidity (increases risk), and temperature (increases risk)."
r17_c3,2024-12-06,-0.8,51.0,0.0,16.7,4,12,0,0,0.0,0.0,0.0,0.0,0.0,124,0.5018229784828074,1,0.036780189702155366,0.04562199254855586,0.017888507079479504,-0.020264137345170352,0.0012126122410338472,-0.05099247555522886,0.0038572670925403896,0.001553451982795459,-9.491456777664308e-05,-4.9472696526934725e-05,9.002833513489805e-05,-0.0032150215968433393,-0.010509108388736832,-0.01985428329822776,month,humidity,temperature,-0.05099247555522886,0.04562199254855586,0.036780189702155366,"Risk is elevated mainly because month (decreases risk), humidity (increases risk), and temperature (increases risk)."
r17_c9,2024-12-06,-0.8,51.0,0.0,16.7,4,12,0,0,0.0,0.0,0.0,0.0,0.0,129,0.5015221836620899,1,0.036028519998032145,0.048877197154477144,0.01673050801990236,-0.015589818475266717,0.004978272402747825,-0.06695635787799797,0.003193617212150512,0.0019889314176135572,-1.4806810722388064e-05,-5.720483222779065e-05,8.84582230824127e-05,-0.0032964035175592336,-0.010018011838304555,-0.014229060363459679,month,humidity,temperature,-0.06695635787799797,0.048877197154477144,0.036028519998032145,"Risk is elevated mainly because month (decreases risk), humidity (increases risk), and temperature (increases risk)."
r17_c2,2024-12-06,-0.8,51.0,0.0,16.7,4,12,0,0,0.0,0.0,0.0,0.0,0.0,123,0.5012561183978976,1,0.03634774486541065,0.04282582301520921,0.017875946376049254,-0.018825216564930736,0.0018597975369923881,-0.04877734627533792,0.004447781322046244,0.0015592923367586215,-9.865630463834896e-05,-5.13908071180683e-05,8.955326643063174e-05,-0.00329984215374412,-0.01064450991057124,-0.021851201254282204,month,humidity,temperature,-0.04877734627533792,0.04282582301520921,0.03634774486541065,"Risk is elevated mainly because month (decreases risk), humidity (increases risk), and temperature (increases risk)."
r17_c8,2024-12-06,-0.8,51.0,0.0,16.7,4,12,0,0,0.0,0.0,0.0,0.0,0.0,128,0.5011240800288348,1,0.0350887652656963,0.049430434911313555,0.017331649091080592,-0.016163846161745123,0.0038469757508620213,-0.06668242190002577,0.0030473954355887665,0.002036228576420768,-1.6698898265925734e-05,-5.925533283560671e-05,8.739311387643796e-05,-0.0032559965988088776,-0.00991623284445988,-0.013448653329484847,month,humidity,temperature,-0.06668242190002577,0.049430434911313555,0.0350887652656963,"Risk is elevated mainly because month (decreases risk), humidity (increases risk), and temperature (increases risk)."
r17_c15,2024-10-25,18.4,60.0,0.0,10.9,4,10,0,0,0.0,0.0,0.0,0.0,0.0,119,0.5007493377051603,1,0.017976425490925547,0.011137196707945492,0.023440419441325726,-0.011446900634540937,0.001538970843422142,-0.010341082827088741,0.005529637809019289,0.0010126518014928984,-0.00041221922747883234,0.0002009997159141554,0.00011866269193132579,-0.0022623678232133013,-0.010411976780199936,-0.0251294224539169,grid_id_enc,precipitation,temperature,-0.0251294224539169,0.023440419441325726,0.017976425490925547,"Risk is elevated mainly because location history (decreases risk), precipitation (increases risk), and temperature (increases risk)."
r18_c3,2024-10-19,13.5,59.0,0.0,16.5,5,10,1,0,0.0,0.0,0.0,0.0,0.0,139,0.5000143390418367,1,0.04664166881319653,0.019611423589532165,0.022056647124795336,-0.011943545675534416,0.007756040402374064,-0.03956242412171481,-0.01984804059642693,0.0012015685240515746,-0.00029287674446751413,0.00012134364869113798,4.330407361394167e-05,-0.004378360937009284,-0.019635286503362027,-0.001555465505525608,temperature,month,precipitation,0.04664166881319653,-0.03956242412171481,0.022056647124795336,"Risk is elevated mainly because temperature (increases risk), month (decreases risk), and precipitation (increases risk)."
r17_c5,2024-10-25,18.4,60.0,0.0,10.9,4,10,0,0,0.0,0.0,0.0,0.0,0.0,126,0.49863724176926855,0,0.01040660205240769,0.013610301923652186,0.02379874506985108,-0.006316813966053525,0.0012757671360010482,-0.011548659508049734,0.005581315258723493,0.0013113438311484465,-0.0003894945930996977,0.00019304355207263606,8.910986599916381e-05,-0.002528329433738742,-0.008923333837051644,-0.027720698532216082,grid_id_enc,precipitation,humidity,-0.027720698532216082,0.02379874506985108,0.013610301923652186,"Risk remains lower mainly because location history (decreases risk), precipitation (increases risk), and humidity (increases risk)."
r19_c6,2024-10-19,13.5,59.0,0.0,16.5,5,10,1,0,0.0,0.0,0.0,0.0,1.0,158,0.49847977846987873,0,0.008274015375060548,0.0034597106636973765,0.020482581654722064,-0.02593625002011522,-0.009675258601427813,-0.011884095363072163,-0.015650987298870614,-0.001980795940794417,0.0001989473032603233,0.00031357301029940536,0.0001838496678144237,-0.0011044287078239082,0.08872373320203834,-0.05672315942453206,rolling_sum_14,grid_id_enc,wind,0.08872373320203834,-0.05672315942453206,-0.02593625002011522,"Risk remains lower mainly because recent 14-period activity (increases risk), location history (decreases risk), and wind (decreases risk)."
r18_c2,2024-10-19,13.5,59.0,0.0,16.5,5,10,1,0,0.0,0.0,0.0,0.0,0.0,138,0.497280854783253,0,0.045495087876370396,0.0201543104126378,0.02186448924437788,-0.012215482364280281,0.007920478441319842,-0.04111918767041059,-0.019877739162541715,0.0010180363296058586,-0.0003059552482676998,0.00012087542601111771,4.399410087043774e-05,-0.004334551058162783,-0.019516124783750904,-0.0017657197101489158,temperature,month,precipitation,0.045495087876370396,-0.04111918767041059,0.02186448924437788,"Risk remains lower mainly because temperature (increases risk), month (decreases risk), and precipitation (increases risk)."
r18_c13,2024-12-06,-0.8,51.0,0.0,16.7,4,12,0,0,0.0,0.0,0.0,0.0,0.0,135,0.49702777223758554,0,0.02954395126808804,0.03977540831360409,0.014411435326753095,-0.016106183277545396,0.01112681868060289,-0.0662385290653674,0.004032039394261613,0.00225498732980421,1.546888850054602e-05,-0.00011883173255437818,8.701141352291641e-05,-0.0034930212061435573,-0.009871315430316482,-0.008189810615246748,month,humidity,temperature,-0.0662385290653674,0.03977540831360409,0.02954395126808804,"Risk remains lower mainly because month (decreases risk), humidity (increases risk), and temperature (increases risk)."
r18_c14,2024-12-06,-0.8,51.0,0.0,16.7,4,12,0,0,0.0,0.0,0.0,0.0,0.0,136,0.49511899611569515,0,0.029195094414305192,0.03510236910217178,0.014705990232730306,-0.015219753113872816,0.011361339026128063,-0.06360363950295483,0.003068081871455014,0.002170160793864625,1.5714166852000443e-05,-0.00011725804982133514,8.282064911785747e-05,-0.0036618807711564015,-0.009823522967127662,-0.007954862685618614,month,humidity,temperature,-0.06360363950295483,0.03510236910217178,0.029195094414305192,"Risk remains lower mainly because month (decreases risk), humidity (increases risk), and temperature (increases risk)."
r18_c11,2024-12-06,-0.8,51.0,0.0,16.7,4,12,0,0,0.0,0.0,0.0,0.0,0.0,133,0.4938404264627355,0,0.02913081872582677,0.04717783022870234,0.01475385351984831,-0.014372108199354503,0.008504321793799745,-0.06639513112149546,0.003394467305255515,0.0022206750034425714,1.890543209068706e-05,-9.231633889696536e-05,8.629329037599743e-05,-0.0034437067714448363,-0.010410516725802853,-0.016531302629234145,month,humidity,temperature,-0.06639513112149546,0.04717783022870234,0.02913081872582677,"Risk remains lower mainly because month (decreases risk), humidity (increases risk), and temperature (increases risk)."
r18_c12,2024-12-06,-0.8,51.0,0.0,16.7,4,12,0,0,0.0,0.0,0.0,0.0,0.0,134,0.4937875925524522,0,0.0284706099675989,0.043144343216784106,0.015070447007120317,-0.0142616884625445,0.010806791971116577,-0.06855703726636543,0.0038989908607979388,0.0023350586446824,1.921421009055999e-05,-0.00010321836775161559,8.7715510171198e-05,-0.0034907244486711763,-0.010303771235029164,-0.01312748200516998,month,humidity,temperature,-0.06855703726636543,0.043144343216784106,0.0284706099675989,"Risk remains lower mainly because month (decreases risk), humidity (increases risk), and temperature (increases risk)."
r17_c16,2024-10-25,18.4,60.0,0.0,10.9,4,10,0,0,0.0,0.0,0.0,0.0,0.0,120,0.49373045364298246,0,0.01640759208952367,0.01172174227280674,0.023335479642580897,-0.01174592759236387,0.0015616240799711833,-0.012570868070589065,0.0055392151295159155,0.0009836590774419721,-0.0004123531263981709,0.00020000464866929167,0.0001194003758852941,-0.002307601979832402,-0.0105173949198198,-0.028382460934031267,grid_id_enc,precipitation,temperature,-0.028382460934031267,0.023335479642580897,0.01640759208952367,"Risk remains lower mainly because location history (decreases risk), precipitation (increases risk), and temperature (increases risk)."
r18_c0,2024-12-06,-0.8,51.0,0.0,16.7,4,12,0,0,0.0,0.0,0.0,0.0,0.0,130,0.49330026422069645,0,0.03198994934240394,0.049593670717698136,0.01574497734434162,-0.016495370080689176,0.006553901630494157,-0.06511533377213473,0.002654573601191337,0.001979294806341963,-1.4036039354445395e-05,-5.690252367196523e-05,8.630935606380876e-05,-0.0034306413018220204,-0.010566960453701823,-0.019421511356086368,month,humidity,temperature,-0.06511533377213473,0.049593670717698136,0.03198994934240394,"Risk remains lower mainly because month (decreases risk), humidity (increases risk), and temperature (increases risk)."
r18_c1,2024-12-06,-0.8,51.0,0.0,16.7,4,12,0,0,0.0,0.0,0.0,0.0,0.0,131,0.490509860079639,0,0.03182511735769064,0.04896204259848776,0.015002197982788842,-0.017035452447673703,0.007630148427329754,-0.06659567382072948,0.002279573077080421,0.00192821559360228,-1.4621663539970871e-05,-5.924258820588492e-05,8.656731239715509e-05,-0.0035531438707509656,-0.01068379031856226,-0.01906042050989761,month,humidity,temperature,-0.06659567382072948,0.04896204259848776,0.03182511735769064,"Risk remains lower mainly because month (decreases risk), humidity (increases risk), and temperature (increases risk)."
r29_c14,2024-12-30,11.5,81.0,0.0,12.2,0,12,0,0,0.0,0.0,0.0,0.0,0.0,279,0.1489925031647802,0,-0.025414249091861112,-0.04592874640777318,0.004736746333393142,-0.014487314525666366,-0.03841778025331184,-0.008414370570328804,0.0010133238741547221,-0.0016765791344347419,-0.0005544926353158044,7.19906856785959e-05,-6.646374674052226e-05,-0.007919783013842155,-0.01786982435216638,-0.19587829694662684,grid_id_enc,humidity,day_of_week,-0.19587829694662684,-0.04592874640777318,-0.03841778025331184,"Risk remains lower mainly because location history (decreases risk), humidity (decreases risk), and day of week (decreases risk)."
r15_c13,2024-12-13,6.0,67.0,0.0,11.7,4,12,0,0,0.0,0.0,0.0,0.0,0.0,88,0.17005573881426606,0,-0.0125534186295005,-0.03387804652052946,0.01193975699994261,0.00033673228823701614,-0.00656086566710378,-0.06303161070771185,-0.009024280708976025,-0.0007823458679078335,-0.0008239361568398847,0.00010297089460360682,-7.807181894030623e-05,-0.009953648891038837,-0.024459194344220527,-0.1809766450053715,grid_id_enc,month,humidity,-0.1809766450053715,-0.06303161070771185,-0.03387804652052946,"Risk remains lower mainly because location history (decreases risk), month (decreases risk), and humidity (decreases risk)."
r12_c18,2024-11-06,20.5,87.0,0.8,18.4,2,11,0,0,0.0,0.0,0.0,0.0,0.0,40,0.14843862093929114,0,-0.034467370595884506,-0.04309354284411598,-0.009391003342660865,-0.01688854546834415,-0.00498590460993501,-0.06541553631518085,0.0008662902446762011,-0.0003495714055622281,-0.0007324712719377973,-6.116831288399829e-05,-0.0001523784239465809,-0.007634883018830164,-0.018951149495358446,-0.15010248715037028,grid_id_enc,month,humidity,-0.15010248715037028,-0.06541553631518085,-0.04309354284411598,"Risk remains lower mainly because location history (decreases risk), month (decreases risk), and humidity (decreases risk)."
r29_c25,2024-12-23,2.1,65.0,0.0,12.0,0,12,0,0,0.0,0.0,0.0,0.0,0.0,288,0.17164731718375278,0,-0.0023062154234116984,-0.019116022903848725,0.008394956724041303,-0.008453803362618518,-0.033864719042588164,-0.02496092647678827,-0.00032862198044993204,-0.001433806870155151,-0.0004134929762032193,5.850334167996964e-05,-5.2639030666243886e-05,-0.006834715354859302,-0.015254731688338434,-0.2235847907216634,grid_id_enc,day_of_week,month,-0.2235847907216634,-0.033864719042588164,-0.02496092647678827,"Risk remains lower mainly because location history (decreases risk), day of week (decreases risk), and month (decreases risk)."
r22_c16,2024-11-09,18.4,78.0,0.1,21.9,5,11,1,0,0.0,0.0,0.0,0.0,0.0,205,0.15693351325310748,0,0.002226744479583553,-0.05752691082744958,-0.011188630479158265,-0.04462232182548273,-0.011029381466298095,-0.06868947851294051,-0.003396811934884421,-0.001654115361796015,-0.0005655111043148344,-4.514191116269774e-05,-0.0002761632222123107,-0.007147076135881772,-0.024555016318496905,-0.11439501507602239,grid_id_enc,month,humidity,-0.11439501507602239,-0.06868947851294051,-0.05752691082744958,"Risk remains lower mainly because location history (decreases risk), month (decreases risk), and humidity (decreases risk)."
r23_c15,2024-11-08,20.3,88.0,0.2,9.8,4,11,0,0,0.0,0.0,0.0,0.0,0.0,216,0.1567494329665579,0,-0.035743370690051936,-0.044370141654650655,-0.01303474524204943,-0.01641238108314554,-0.005488465475822712,-0.055573563402833794,-0.0023198321130520044,0.00010415480636529832,-0.00040856876439809614,-1.6421159832256534e-06,-0.00021170311322356194,-0.006477396654496838,-0.015569789497396654,-0.1475414649823279,grid_id_enc,month,humidity,-0.1475414649823279,-0.055573563402833794,-0.044370141654650655,"Risk remains lower mainly because location history (decreases risk), month (decreases risk), and humidity (decreases risk)."
r12_c1,2024-12-01,3.7,64.0,0.0,12.5,6,12,1,0,0.0,0.0,0.0,0.0,0.0,31,0.15908205598453312,0,-0.050186687678543854,-0.024454831501200563,0.01011231110271944,-0.0223162329034274,-0.005335899906406489,-0.04033602680163821,-0.0005490710252745767,-0.0006342929234198386,-0.0008716616242151746,3.674348918524563e-05,-0.00022086318034957684,-0.01025185060783453,-0.02412141361984204,-0.17158650978484097,grid_id_enc,temperature,month,-0.17158650978484097,-0.050186687678543854,-0.04033602680163821,"Risk remains lower mainly because location history (decreases risk), temperature (decreases risk), and month (decreases risk)."
r11_c15,2024-10-21,16.0,60.0,0.0,11.6,0,10,0,0,0.0,0.0,0.0,0.0,0.0,22,0.14163501587064742,0,-0.00335591536295729,-0.012026101807837499,0.0020576062344885623,-0.011051549514692975,-0.042782700620008045,-0.06147267031298348,-0.002831253855752197,-0.0036095173089491944,-0.0003217077041240289,1.597915977374621e-05,1.0608249525451633e-06,-0.00787459451940817,-0.02464196971513611,-0.1902699925763432,grid_id_enc,month,day_of_week,-0.1902699925763432,-0.06147267031298348,-0.042782700620008045,"Risk remains lower mainly because location history (decreases risk), month (decreases risk), and day of week (decreases risk)."
r25_c13,2024-12-17,14.0,88.0,0.0,13.1,1,12,0,0,0.0,0.0,0.0,0.0,0.0,236,0.15996771829698916,0,-0.007707170165324408,-0.0655125976486459,-0.0019130073105188552,-0.016752575865779686,-0.014964935221317257,-0.04644007099839631,-0.0003312761979555263,0.0005074536142718353,-0.0005329649229872858,-7.474328552102544e-05,-0.00019427790794896872,-0.011530697546648,-0.030907767562826552,-0.14347599363303667,grid_id_enc,humidity,month,-0.14347599363303667,-0.0655125976486459,-0.04644007099839631,"Risk remains lower mainly because location history (decreases risk), humidity (decreases risk), and month (decreases risk)."
r27_c15,2024-10-28,15.4,75.0,0.0,14.2,0,10,0,0,0.0,0.0,0.0,0.0,0.0,258,0.1537179143290422,0,-0.005958671280331979,-0.06772244842066176,0.002921566312181228,-0.021915475652676618,-0.03725853873833873,-0.05747013711090751,-0.00020000678574667277,0.0004858022281089295,-0.00038484344207798967,5.3476965736478106e-05,-1.2761619993249587e-05,-0.009365169460890973,-0.027808907402654685,-0.12144431421232306,grid_id_enc,humidity,month,-0.12144431421232306,-0.06772244842066176,-0.05747013711090751,"Risk remains lower mainly because location history (decreases risk), humidity (decreases risk), and month (decreases risk)."
r26_c15,2024-11-11,17.1,87.0,1.1,13.4,0,11,0,1,0.0,0.0,0.0,0.0,0.0,251,0.14014893488246088,0,-0.015368657921477078,-0.049856120432571364,-0.026713652820082187,-0.014790523904702594,-0.03426654682677927,-0.028981536279463923,-0.0008225164990551979,-0.01604024026574725,-0.00024276979597165872,-1.2781444352766645e-05,-0.00011520306052181247,-0.008650214599251606,-0.026761085229937684,-0.1370275589872488,grid_id_enc,humidity,day_of_week,-0.1370275589872488,-0.049856120432571364,-0.03426654682677927,"Risk remains lower mainly because location history (decreases risk), humidity (decreases risk), and day of week (decreases risk)."
r11_c15,2024-12-18,14.2,90.0,1.3,15.2,2,12,0,0,0.0,0.0,0.0,0.0,0.0,22,0.16543754594793478,0,-0.01815329238919409,-0.055646510218479925,-0.014667611464220692,-0.01278664693424375,-0.011832586470871407,-0.03782054572266416,-0.0007239738360901404,-0.0015546714895305577,-0.0004124640281725995,-8.280438461138075e-05,-9.968557840412217e-05,-0.006146416133108571,-0.020415920413015966,-0.15401766793908084,grid_id_enc,humidity,month,-0.15401766793908084,-0.055646510218479925,-0.03782054572266416,"Risk remains lower mainly because location history (decreases risk), humidity (decreases risk), and month (decreases risk)."
r0_c7,2024-11-13,13.8,64.0,0.1,20.0,2,11,0,0,0.0,0.0,0.0,0.0,0.0,3,0.17660261984394635,0,-0.007963117133569321,-0.02606424934336383,-0.007116576469863389,-0.03548868785121892,-0.018880835488867157,-0.04396506694248699,-0.0036660682794757335,-0.0026890618583667847,-0.00044997310857821483,-7.940499143740896e-05,-6.402181339996414e-05,-0.006722905488157147,-0.023340436288051897,-0.14670531804884043,grid_id_enc,month,wind,-0.14670531804884043,-0.04396506694248699,-0.03548868785121892,"Risk remains lower mainly because location history (decreases risk), month (decreases risk), and wind (decreases risk)."
r25_c13,2024-12-26,7.0,76.0,0.2,15.4,3,12,0,0,0.0,0.0,0.0,0.0,0.0,236,0.15866560976995175,0,-0.009353107197556955,-0.06112968750218725,-0.017831348762025554,-0.009960176390075414,-0.003872174250029053,-0.07246301103417026,0.0017803006592806744,0.0002214345707257533,-0.00044949564768927873,-2.1165807349005973e-05,-0.00021209043554530965,-0.009799683990908489,-0.024840934304069192,-0.13320159308807275,grid_id_enc,month,humidity,-0.13320159308807275,-0.07246301103417026,-0.06112968750218725,"Risk remains lower mainly because location history (decreases risk), month (decreases risk), and humidity (decreases risk)."
r22_c12,2024-10-21,16.0,60.0,0.0,11.6,0,10,0,0,0.0,0.0,0.0,0.0,0.0,201,0.16425896801225248,0,0.00903726028131406,-0.011951151672751363,0.0088174159735221,-0.016782869349636406,-0.058177704470187386,-0.06725558329696979,-0.00935640670540851,-0.005815551788981705,-0.00030493390203745885,3.771752023893871e-05,4.273174224577071e-05,-0.008067129482923764,-0.027716472941004332,-0.1480466968447908,grid_id_enc,month,day_of_week,-0.1480466968447908,-0.06725558329696979,-0.058177704470187386,"Risk remains lower mainly because location history (decreases risk), month (decreases risk), and day of week (decreases risk)."
r25_c10,2024-11-21,8.5,50.0,0.0,28.3,3,11,0,0,0.0,0.0,0.0,0.0,0.0,234,0.14364283762323385,0,0.0007935877697071735,0.004798747836029995,0.00809687696514533,-0.058143834023065735,-0.003656730360352956,-0.0755661907979594,-0.0008856514848719633,-0.0008115247622835578,-0.00031485990602883227,-0.00041303432080712783,-6.42401533076335e-05,-0.009263665400240734,-0.03335954925379503,-0.18736543743455794,grid_id_enc,month,wind,-0.18736543743455794,-0.0755661907979594,-0.058143834023065735,"Risk remains lower mainly because location history (decreases risk), month (decreases risk), and wind (decreases risk)."
r14_c13,2024-12-01,3.7,64.0,0.0,12.5,6,12,1,0,0.0,0.0,0.0,0.0,0.0,70,0.1545424031981517,0,-0.04773339059913999,-0.023057511697075886,0.01124715996051692,-0.022513984261100465,-0.009806332670613283,-0.03901103258485846,0.00024091225788527683,-0.0006912193162383624,-0.0009015949186263112,4.26106132569618e-05,-0.00016710817948395606,-0.011568151014084236,-0.025769597771043883,-0.1755666995708644,grid_id_enc,temperature,month,-0.1755666995708644,-0.04773339059913999,-0.03901103258485846,"Risk remains lower mainly because location history (decreases risk), temperature (decreases risk), and month (decreases risk)."
r17_c5,2024-11-10,15.0,77.0,1.5,21.4,6,11,1,0,0.0,0.0,0.0,0.0,0.0,126,0.16147499717424996,0,0.008276653577262419,-0.055707852188433556,-0.015148481050204006,-0.030786477989452825,-0.016375695492226113,-0.11009169769275326,-0.01345752265607093,3.5145767443643496e-05,-0.0005011172286569981,-1.4707052830538184e-05,-0.00023081402050291103,-0.005343492432929026,-0.022121680273901254,-0.0768556070421197,month,grid_id_enc,humidity,-0.11009169769275326,-0.0768556070421197,-0.055707852188433556,"Risk remains lower mainly because month (decreases risk), location history (decreases risk), and humidity (decreases risk)."
r12_c1,2024-12-22,1.8,69.0,0.0,10.1,6,12,1,0,0.0,0.0,0.0,0.0,0.0,31,0.16838192916122838,0,-0.025204586047792518,-0.02064554210502831,0.009304644107489823,-0.04401465546364722,-0.002736184713010911,-0.03691400323442846,0.002488082223537788,-0.00053876151245358,-0.0007012343511941124,3.756232828430381e-05,-0.00023151194691426662,-0.00807124494186739,-0.015125935253410145,-0.1890630428779603,grid_id_enc,wind,month,-0.1890630428779603,-0.04401465546364722,-0.03691400323442846,"Risk remains lower mainly because location history (decreases risk), wind (decreases risk), and month (decreases risk)."
r30_c15,2024-12-13,6.0,67.0,0.0,11.7,4,12,0,0,0.0,0.0,0.0,0.0,0.0,298,0.13923682483454886,0,-0.006489875941561662,-0.03218694708471198,0.009963609563296904,0.0027041130497162326,-0.010356351056253509,-0.024059678162610412,-0.0030152132271208804,-0.0013247636873478896,-0.0006612354003546491,7.639807797431613e-05,-9.171230351080204e-05,-0.007040047054097069,-0.02043066030054575,-0.2676491545879482,grid_id_enc,humidity,month,-0.2676491545879482,-0.03218694708471198,-0.024059678162610412,"Risk remains lower mainly because location history (decreases risk), humidity (decreases risk), and month (decreases risk)."
r16_c14,2024-11-18,15.0,78.0,0.0,10.5,0,11,0,0,0.0,0.0,0.0,0.0,0.0,103,0.1739941301134121,0,-0.011101253473549701,-0.055937002155099586,0.007330765741632427,-0.023785983542034508,-0.0175019617485327,-0.04285451753876909,-0.0036638853760636255,0.0005557874945938998,-0.0005697392192621898,0.00011182505073137501,-1.4999802311201506e-05,-0.009549302906208833,-0.018300410087133553,-0.15052353527420437,grid_id_enc,humidity,month,-0.15052353527420437,-0.055937002155099586,-0.04285451753876909,"Risk remains lower mainly because location history (decreases risk), humidity (decreases risk), and month (decreases risk)."
r17_c11,2024-10-27,17.5,76.0,0.0,16.2,6,10,1,0,0.0,0.0,0.0,0.0,0.0,115,0.15810715920368115,0,0.0053821916418999435,-0.07808003525199525,0.007807013163690758,-0.016317960299214104,-0.03296317527957784,-0.08272519151082824,-0.016370964026772655,-1.6786464909276507e-05,-0.0007631095957155561,0.00010838583535476479,-0.00013063072924760673,-0.008309030921398685,-0.025552223591209604,-0.09375966671601713,grid_id_enc,month,humidity,-0.09375966671601713,-0.08272519151082824,-0.07808003525199525,"Risk remains lower mainly because location history (decreases risk), month (decreases risk), and humidity (decreases risk)."
r13_c8,2024-10-25,18.4,60.0,0.0,10.9,4,10,0,0,0.0,0.0,0.0,0.0,0.0,63,0.1648436296203239,0,-0.004097224945128626,-0.0014473540045230532,0.013851993032225573,-0.021121755000675663,-0.0036303202855565045,-0.06408698765904378,-0.0064505856893426715,-0.00030592219984592977,-0.0006324074592302386,5.429747830966343e-05,-3.0262105601236847e-05,-0.005983571776468516,-0.02182647776423322,-0.2192481349501874,grid_id_enc,month,rolling_sum_14,-0.2192481349501874,-0.06408698765904378,-0.02182647776423322,"Risk remains lower mainly because location history (decreases risk), month (decreases risk), and recent 14-period activity (decreases risk)."
r36_c17,2024-12-27,8.1,83.0,1.8,19.7,4,12,0,0,0.0,0.0,0.0,0.0,1.0,312,0.14086330185365192,0,-0.026524594104444157,-0.04447292957478411,-0.022145328620919003,-0.03678795025844218,-0.012818295377031105,-0.015268913219610375,-0.0017035433732793003,-0.002242795069093886,-0.0013754116671077928,0.00016561465713209916,-0.0004278879594457359,-0.006398458721057744,0.0616382950581648,-0.250572842866054,grid_id_enc,rolling_sum_14,humidity,-0.250572842866054,0.0616382950581648,-0.04447292957478411,"Risk remains lower mainly because location history (decreases risk), recent 14-period activity (increases risk), and humidity (decreases risk)."
r21_c3,2024-11-12,16.2,76.0,0.0,12.4,1,11,0,0,0.0,0.0,0.0,0.0,0.0,192,0.14182896463260805,0,0.0005795738313467266,-0.06351574068195566,0.002566382334594715,-0.013848924220921712,-0.02658930067324422,-0.08141188810534479,-0.005683358041783292,-0.0020399715899530376,-0.0007167459247445889,-1.5439844465493398e-05,-4.623348564703371e-05,-0.011535835731904238,-0.031096406568713552,-0.12461548961427796,grid_id_enc,month,humidity,-0.12461548961427796,-0.08141188810534479,-0.06351574068195566,"Risk remains lower mainly because location history (decreases risk), month (decreases risk), and humidity (decreases risk)."
r35_c23,2024-11-14,11.8,87.0,27.8,22.1,3,11,0,0,0.0,0.0,0.0,0.0,0.0,310,0.04676705502965937,0,-0.01492235459893276,-0.042021052668729235,-0.0644559497103641,-0.029012677886730818,-0.007273636079691982,-0.018364003833883178,-0.0011742117759579182,-0.002665584888839202,-0.0006965048830999366,-0.00011222734883825733,-9.294852971655772e-05,-0.006386457510747223,-0.017534950883149027,-0.24831872732128366,grid_id_enc,precipitation,humidity,-0.24831872732128366,-0.0644559497103641,-0.042021052668729235,"Risk remains lower mainly because location history (decreases risk), precipitation (decreases risk), and humidity (decreases risk)."
r3_c12,2024-12-11,9.0,72.0,24.7,28.8,2,12,0,0,0.0,0.0,0.0,0.0,0.0,332,0.035950465873618886,0,-0.010974609101318054,-0.039295231485975496,-0.04982899691073661,-0.03890457084372829,-0.016317684092436766,-0.02987341064833504,-0.0019781408810579356,-0.0015445825557147766,-0.0007619885330287007,-4.5237266023662037e-05,-8.626049152300001e-05,-0.007407247105472576,-0.01770666331478503,-0.24912325384586975,grid_id_enc,precipitation,humidity,-0.24912325384586975,-0.04982899691073661,-0.039295231485975496,"Risk remains lower mainly because location history (decreases risk), precipitation (decreases risk), and humidity (decreases risk)."
r41_c18,2024-12-11,9.0,72.0,24.7,28.8,2,12,0,0,0.0,0.0,0.0,0.0,0.0,336,0.039340025574177505,0,-0.01066946046711967,-0.03965227843241075,-0.05047767202341191,-0.03919940118482308,-0.01616490497915092,-0.02878799202644085,-0.0019448481091570576,-0.001116462610396358,-0.000762449826719622,-4.6192491864657105e-05,-9.05844197767792e-05,-0.007256740513743498,-0.0173474087297361,-0.2469419215606953,grid_id_enc,precipitation,humidity,-0.2469419215606953,-0.05047767202341191,-0.03965227843241075,"Risk remains lower mainly because location history (decreases risk), precipitation (decreases risk), and humidity (decreases risk)."
r38_c25,2024-12-29,14.8,84.0,6.1,27.8,6,12,1,0,0.0,0.0,0.0,0.0,0.0,327,0.049488641087488246,0,-0.003407380305924615,-0.04216455640906874,-0.038581381384721024,-0.04234014289461386,-0.009438772110873905,-0.0386027686218637,-0.001892506310986741,-0.001257499868614645,-0.0007634479155028034,-2.8880984948367757e-05,-0.00017510667924109462,-0.00629512670190275,-0.02004115586096992,-0.2453209758129029,grid_id_enc,wind,humidity,-0.2453209758129029,-0.04234014289461386,-0.04216455640906874,"Risk remains lower mainly because location history (decreases risk), wind (decreases risk), and humidity (decreases risk)."
r30_c12,2024-11-06,20.5,87.0,0.8,18.4,2,11,0,0,0.0,0.0,0.0,0.0,0.0,296,0.04817306975160609,0,-0.04374315412705775,-0.04454196675505539,-0.0264541469805612,-0.019453815452638537,-0.013712385624334097,-0.032640109564244464,-0.0026558864532300374,-0.0013344509463022777,-0.0005677901804614944,-5.377081020578149e-05,-0.00010198702572514563,-0.006718839527902037,-0.017610357005780588,-0.2420366127445189,grid_id_enc,humidity,temperature,-0.2420366127445189,-0.04454196675505539,-0.04374315412705775,"Risk remains lower mainly because location history (decreases risk), humidity (decreases risk), and temperature (decreases risk)."
r36_c26,2024-10-28,15.4,75.0,0.0,14.2,0,10,0,0,0.0,0.0,0.0,0.0,0.0,317,0.0475306554039806,0,-0.01770930475226903,-0.05642718658795629,0.002999730775688992,-0.022986295062240297,-0.021157319683521233,-0.03247146566077495,-0.004051310863466569,-0.0029522659886699054,-0.0005283050725845235,3.5594039333509836e-05,-3.670737813636845e-05,-0.007841619095961436,-0.020978005148250767,-0.26816322706682755,grid_id_enc,humidity,month,-0.26816322706682755,-0.05642718658795629,-0.03247146566077495,"Risk remains lower mainly because location history (decreases risk), humidity (decreases risk), and month (decreases risk)."
r14_c20,2024-11-19,15.4,92.0,29.2,18.8,1,11,0,0,0.0,0.0,0.0,0.0,0.0,76,0.04561439403241683,0,-0.014169123792134159,-0.05811843029145408,-0.07739247039223472,-0.01734686172355187,-0.004494662185124278,-0.06062390689426423,-0.0005091412148450262,-0.000891470599704284,-0.0008950416876913782,-0.00021686046478191877,1.962695604881834e-05,-0.010743125135241319,-0.022430624293939275,-0.18637185719828786,grid_id_enc,precipitation,month,-0.18637185719828786,-0.07739247039223472,-0.06062390689426423,"Risk remains lower mainly because location history (decreases risk), precipitation (decreases risk), and month (decreases risk)."
r30_c12,2024-12-11,9.0,72.0,24.7,28.8,2,12,0,0,0.0,0.0,0.0,0.0,0.0,296,0.04965248789707858,0,-0.012535832847169245,-0.03941099574475354,-0.05580605643888566,-0.04011008266191866,-0.008327110307638988,-0.03330329868751267,-0.0016070990062601134,-0.0018592022786269274,-0.0008230458547516032,-3.9837396217339515e-05,-8.29458534869209e-05,-0.007650352983161075,-0.016476952691930148,-0.23211304230023144,grid_id_enc,precipitation,wind,-0.23211304230023144,-0.05580605643888566,-0.04011008266191866,"Risk remains lower mainly because location history (decreases risk), precipitation (decreases risk), and wind (decreases risk)."
r2_c12,2024-12-11,9.0,72.0,24.7,28.8,2,12,0,0,0.0,0.0,0.0,0.0,0.0,291,0.04968810142375371,0,-0.012054122832702572,-0.04033503153839497,-0.05690086992901397,-0.0451859860775237,-0.009020694162342255,-0.03193240370869928,-0.001117465192521779,-0.0015768682011067414,-0.0008190193059045129,-3.844813023596227e-05,-8.306339342187701e-05,-0.007649668460979659,-0.01619013934900131,-0.227206461244021,grid_id_enc,precipitation,wind,-0.227206461244021,-0.05690086992901397,-0.0451859860775237,"Risk remains lower mainly because location history (decreases risk), precipitation (decreases risk), and wind (decreases risk)."
r37_c25,2024-11-06,20.5,87.0,0.8,18.4,2,11,0,0,0.0,0.0,0.0,0.0,0.0,322,0.04279046124896712,0,-0.039243683336827935,-0.03888978963666463,-0.020625358244625726,-0.022450337151423777,-0.015754935641457937,-0.03409931349917601,-0.003956761100877798,-0.001510774720053039,-0.0005507616133005578,-5.2625474099098635e-05,-0.00010362935049409079,-0.006732134970823546,-0.018860124134869684,-0.2541776528259612,grid_id_enc,temperature,humidity,-0.2541776528259612,-0.039243683336827935,-0.03888978963666463,"Risk remains lower mainly because location history (decreases risk), temperature (decreases risk), and humidity (decreases risk)."
r14_c4,2024-11-19,15.4,92.0,29.2,18.8,1,11,0,0,0.0,0.0,0.0,0.0,0.0,79,0.04561439403241683,0,-0.014478031090180837,-0.057638820732170866,-0.07760681552775231,-0.017629578757944277,-0.004587410308218781,-0.059671950317367516,-0.0004909473312946072,-0.0008129867638185204,-0.0008994104796078946,-0.00023400760094293566,1.3845228121796794e-05,-0.010582186747818663,-0.021994480137331924,-0.18757116835087825,grid_id_enc,precipitation,month,-0.18757116835087825,-0.07760681552775231,-0.059671950317367516,"Risk remains lower mainly because location history (decreases risk), precipitation (decreases risk), and month (decreases risk)."
r15_c17,2024-12-11,9.0,72.0,24.7,28.8,2,12,0,0,0.0,0.0,0.0,0.0,0.0,91,0.04977247277287131,0,-0.008842344945360743,-0.04005786561294767,-0.0602432654865883,-0.04729849772685675,-0.01034068531606036,-0.08256683028276661,-0.0030376774288331035,-0.0009660748448692384,-0.0011485412179715112,-6.531210526013823e-05,-2.257493965503738e-05,-0.011573164183833222,-0.025449180984603012,-0.15841385510114503,grid_id_enc,month,precipitation,-0.15841385510114503,-0.08256683028276661,-0.0602432654865883,"Risk remains lower mainly because location history (decreases risk), month (decreases risk), and precipitation (decreases risk)."
r38_c25,2024-11-25,13.4,76.0,0.0,14.4,0,11,0,0,0.0,0.0,0.0,0.0,0.0,327,0.04963194515236869,0,-0.015930454334040677,-0.053592086756417405,0.003627983329485236,-0.020569090843068676,-0.022637073962725022,-0.033408924101995155,-0.003249391230603293,-0.002127181447437509,-0.0004973947688053284,3.114498617102426e-05,-0.0001106302358554733,-0.007806519172216711,-0.020340321495220838,-0.2735564577645161,grid_id_enc,humidity,month,-0.2735564577645161,-0.053592086756417405,-0.033408924101995155,"Risk remains lower mainly because location history (decreases risk), humidity (decreases risk), and month (decreases risk)."
r5_c8,2024-11-06,20.5,87.0,0.8,18.4,2,11,0,0,0.0,0.0,0.0,0.0,0.0,344,0.04602013429430608,0,-0.050307087559185885,-0.04740086718933144,-0.026057346655185543,-0.02786821692300233,-0.01641617425011975,-0.0229413716755686,-0.002103396494908791,-0.0008551049183458638,-0.0005541173547600739,-4.8665137255990315e-05,-9.82169831255952e-05,-0.006003228321187816,-0.018386195487544544,-0.23473821970579384,grid_id_enc,temperature,humidity,-0.23473821970579384,-0.050307087559185885,-0.04740086718933144,"Risk remains lower mainly because location history (decreases risk), temperature (decreases risk), and humidity (decreases risk)."
r37_c27,2024-12-18,14.2,90.0,1.3,15.2,2,12,0,0,0.0,0.0,0.0,0.0,0.0,324,0.049844768122458014,0,-0.014236490852438796,-0.045731086965818464,-0.019468822858410898,-0.019726879661485206,-0.01388785318521778,-0.02474178643486642,-0.00323737857352271,-0.0015575998411658833,-0.0004504014174955936,-3.297264402784353e-05,-0.00010155916048343052,-0.007129492440412862,-0.019197819051132266,-0.28045343174068116,grid_id_enc,humidity,month,-0.28045343174068116,-0.045731086965818464,-0.02474178643486642,"Risk remains lower mainly because location history (decreases risk), humidity (decreases risk), and month (decreases risk)."
r30_c18,2024-11-06,20.5,87.0,0.8,18.4,2,11,0,0,0.0,0.0,0.0,0.0,0.0,300,0.049730659108007134,0,-0.04361158547014679,-0.043855840182015715,-0.025731259019389375,-0.01927037189930565,-0.014282153581860845,-0.03285882772591701,-0.002657639876767463,-0.001398978768003312,-0.0005680941983128538,-5.3804627116346545e-05,-0.00010253178484877492,-0.006738094210485224,-0.017574217229139488,-0.24136428526830753,grid_id_enc,humidity,temperature,-0.24136428526830753,-0.043855840182015715,-0.04361158547014679,"Risk remains lower mainly because location history (decreases risk), humidity (decreases risk), and temperature (decreases risk)."
r5_c14,2024-11-14,11.8,87.0,27.8,22.1,3,11,0,0,0.0,0.0,0.0,0.0,0.0,343,0.044424992293615115,0,-0.016734052074471366,-0.048809054287076825,-0.0733658205678635,-0.03054942901268584,-0.008589123818769947,-0.013695528322139832,-0.000608139523747602,-0.0010261971332976303,-0.0006613559591647417,-0.00011502020253290191,-8.977192912145309e-05,-0.005844880337628822,-0.01753501806690895,-0.23774995942059854,grid_id_enc,precipitation,humidity,-0.23774995942059854,-0.0733658205678635,-0.048809054287076825,"Risk remains lower mainly because location history (decreases risk), precipitation (decreases risk), and humidity (decreases risk)."
r3_c8,2024-11-06,20.5,87.0,0.8,18.4,2,11,0,0,0.0,0.0,0.0,0.0,0.0,333,0.04922677916683884,0,-0.04373719925951088,-0.03615169284951904,-0.02134719722186531,-0.023749225085653813,-0.017162400371437566,-0.03117474964375388,-0.001811213078022047,-0.001089278319238687,-0.0005476579627706174,-2.8892304192820693e-05,-9.79676157048374e-05,-0.006458850266059316,-0.01825260265871846,-0.24896263714633624,grid_id_enc,temperature,humidity,-0.24896263714633624,-0.04373719925951088,-0.03615169284951904,"Risk remains lower mainly because location history (decreases risk), temperature (decreases risk), and humidity (decreases risk)."
r36_c25,2024-11-14,11.8,87.0,27.8,22.1,3,11,0,0,0.0,0.0,0.0,0.0,0.0,316,0.046239418104804184,0,-0.014816793573626339,-0.04187464558761208,-0.0647729333833615,-0.029459627663469056,-0.00772715657825747,-0.01786456035387714,-0.0011935987118015898,-0.002469855766241539,-0.0006686331182719424,-0.00011491543907204238,-9.228080807495788e-05,-0.006444435551875977,-0.01749474807740952,-0.2485647402318674,grid_id_enc,precipitation,humidity,-0.2485647402318674,-0.0647729333833615,-0.04187464558761208,"Risk remains lower mainly because location history (decreases risk), precipitation (decreases risk), and humidity (decreases risk)."
r14_c3,2024-11-19,15.4,92.0,29.2,18.8,1,11,0,0,0.0,0.0,0.0,0.0,0.0,78,0.04561439403241683,0,-0.01432198176874203,-0.058585802912746975,-0.07652469837990943,-0.017578323383295336,-0.004611527952239453,-0.059774603923845544,-0.0006183986611470153,-0.000832822837347482,-0.0008906155935282273,-0.00023395822556526225,1.5256264673139768e-05,-0.010621900289471664,-0.022207446163997373,-0.18739712509004325,grid_id_enc,precipitation,month,-0.18739712509004325,-0.07652469837990943,-0.059774603923845544,"Risk remains lower mainly because location history (decreases risk), precipitation (decreases risk), and month (decreases risk)."
r15_c0,2024-12-11,9.0,72.0,24.7,28.8,2,12,0,0,0.0,0.0,0.0,0.0,0.0,84,0.0480868966033879,0,-0.009807049940416325,-0.03410145874016966,-0.05847804099528607,-0.04865754900505213,-0.00944581863180515,-0.09136304113987075,-0.0009235462093588299,-0.0007836006480906897,-0.001080665346657482,-7.94880850585886e-05,-1.7661454434916224e-05,-0.011587880123584504,-0.026033581207814283,-0.15935206481863515,grid_id_enc,month,precipitation,-0.15935206481863515,-0.09136304113987075,-0.05847804099528607,"Risk remains lower mainly because location history (decreases risk), month (decreases risk), and precipitation (decreases risk)."
r32_c17,2024-12-11,9.0,72.0,24.7,28.8,2,12,0,0,0.0,0.0,0.0,0.0,0.0,306,0.03632892139757798,0,-0.009933071841581261,-0.03916663775899446,-0.052280344094334,-0.039514162574880655,-0.01228799275906915,-0.030243915812692368,-0.002367822720609185,-0.001989279715037718,-0.0008181749944168647,-4.130583327550908e-05,-8.305872908960033e-05,-0.007590405523912096,-0.017903570117355307,-0.24924967907679782,grid_id_enc,precipitation,wind,-0.24924967907679782,-0.052280344094334,-0.039514162574880655,"Risk remains lower mainly because location history (decreases risk), precipitation (decreases risk), and wind (decreases risk)."
r32_c17,2024-10-31,19.9,73.0,0.0,17.7,3,10,0,0,0.0,0.0,0.0,0.0,0.0,306,0.04896262989622758,0,-0.04749581595679,-0.05554427955138716,0.0029046879187206954,-0.020007122030993998,-0.012592778329222343,-0.046978448134157386,-0.0034361903653687418,-0.0022816832037929856,-0.0007690747795455064,1.2755099722004685e-05,-5.853128381133006e-05,-0.008053679515328935,-0.021014815799231364,-0.23552073712220764,grid_id_enc,humidity,temperature,-0.23552073712220764,-0.05554427955138716,-0.04749581595679,"Risk remains lower mainly because location history (decreases risk), humidity (decreases risk), and temperature (decreases risk)."
r35_c17,2024-11-14,11.8,87.0,27.8,22.1,3,11,0,0,0.0,0.0,0.0,0.0,0.0,309,0.04676705502965937,0,-0.014695167256568754,-0.04298374731156955,-0.0647142138461656,-0.029140237097665427,-0.008272573379624216,-0.017367001910553667,-0.0011520432811954883,-0.0030718169081278292,-0.0006958054632568341,-0.00011165348145672221,-9.26319799469872e-05,-0.006364852006228298,-0.01744213704529567,-0.2469274069523088,grid_id_enc,precipitation,humidity,-0.2469274069523088,-0.0647142138461656,-0.04298374731156955,"Risk remains lower mainly because location history (decreases risk), precipitation (decreases risk), and humidity (decreases risk)."
r14_c19,2024-11-19,15.4,92.0,29.2,18.8,1,11,0,0,0.0,0.0,0.0,0.0,0.0,75,0.04561439403241683,0,-0.014597173425397509,-0.05808433342357779,-0.07625188487686545,-0.017750430813628332,-0.0043377710297262916,-0.06223687066314729,-0.00041270677155999633,-0.0008343074920310281,-0.0008934103188401509,-0.0002024620482509806,2.0692074611763156e-05,-0.010705246747551547,-0.022351721614547362,-0.18554632176669403,grid_id_enc,precipitation,month,-0.18554632176669403,-0.07625188487686545,-0.06223687066314729,"Risk remains lower mainly because location history (decreases risk), precipitation (decreases risk), and month (decreases risk)."
